,SRX5961261,SRX3266939
PSLT001,0,9
PSLT002,0,11
repC,0,635
repA3,0,2004
tap,0,0
repA,0,370
PSLT007,0,0
srgC,0,56
rcK,0,129
srgB,0,109
srgA,0,96
orf7,0,27
pefI,0,36
orf6,0,120
orf5,0,16
pefD,0,13
pefC,0,6
pefA,0,12
pefB,0,0
PSLT020,0,0
repA2,1,219
PSLT024,0,1
PSLT025,0,4
PSLT026,0,39
ccdA,0,81
ccdB,0,65
PSLT029,0,292
PSLT030,0,39
rsdB,0,167
PSLT032,0,55
PSLT033,2,38
PSLT034,0,4
spvD,0,81
PSLT036,0,12
spvD,0,0
spvC,0,0
spvB,1,0
spvA,0,9
spvR,0,7
PSLT042,0,7
PSLT043,0,172
rlgA,0,408
PSLT045,0,159
PSLT046,0,44
PSLT047,0,14
tlpA,0,398
PSLT049,0,44
PSLT050,0,3
samB,0,112
parA,0,129
parB,0,105
samB,0,79
samA,0,53
PSLT056,0,1
PSLT057,0,5
PSLT059,0,8
PSLT060,0,0
PSLT061,0,9
PSLT062,0,0
PSLT063,0,11
PSLT064,0,0
ssbB,0,0
PSLT067,0,20
PSLT068,0,64
psiB,0,72
psiA,0,31
finP,0,3
traM,0,2
traJ,0,0
traY,0,5
traA,0,0
traL,0,4
traE,0,0
traK,0,10
traB,0,6
traP,0,2
trbD,0,0
traV,0,7
traR,0,0
PSLT087,0,5
traC,0,24
trbI,0,3
traW,0,1
traU,0,3
PSLT093,0,0
trbC,0,14
traN,0,23
trbE,0,0
traF,0,3
traQ,0,0
trbB,0,20
traH,0,7
traG,0,54
traS,1,76
traT,0,257
traD,0,63
trbH,0,7
PSLT106,0,91
PSLT107,0,32
traI,0,354
traX,0,96
finO,0,77
thrL,82,50
thrA,578,870
thrB,418,219
thrC,810,427
yaaA,521,55
yaaJ,988,12
talB,7343,1290
mog,906,125
yaaH,3175,270
htgA,99,3
yaaI,44,0
dnaK,5274,4565
dnaJ,1078,692
STM0014,96,9
STM0015,0,0
STM0016,4,0
STM0017,0,0
STM0018,124,23
STM0019,188,11
STM0020,9,8
bcfA,31,5
bcfB,31,0
bcfC,183,7
bcfD,70,2
bcfE,19,0
bcfF,24,0
bcfG,39,0
bcfH,79,37
STM0029,9,0
STM0030,8,0
STM0031,0,0
STM0032,47,6
STM0033,92,2
STM0034,2,5
STM0035,68,15
STM0036,131,10
STM0037,33,3
STM0038,87,10
nhaA,459,296
nhaR,263,213
STM0041,208,13
STM0042,36,3
rpsT,6251,981
yaaY,173,0
ribF,891,116
ileS,5936,2657
lspA,1332,327
slpA,1021,82
lytB,1305,418
STM0050,525,33
rihC,319,87
STM0052,139,0
STM0053,238,6
STM0054,9,0
STM0055,0,0
STM0056,1,3
STM0057,14,2
citC2,13,3
citD2,2,0
citE2,1,10
citF2,15,12
citX2,0,0
citG2,48,4
dapB,418,116
STM0065,21,0
carA,574,47
carB,1708,121
caiF,50,30
caiE,23,2
caiD,22,18
caiC,62,7
caiB,70,1
caiA,39,26
caiT,19,0
fixA,4,3
fixB,7,10
fixC,26,1
fixX,2,3
yaaU,147,34
STM0080,38,0
STM0081,43,4
STM0082,93,0
STM0083,13,0
STM0084,144,3
yabF,19,3
kefC,99,32
folA,536,812
apaH,1185,142
apaG,469,39
ksgA,1576,298
pdxA,1194,398
surA,1935,435
imp,3911,210
djlA,278,20
rluA,957,139
hepA,3131,1171
polB,1413,67
STM0098,41,0
STM0099,0,0
STM0100,20,0
araD,35,63
araA,70,511
araB,50,530
araC,83,9
yabI,224,94
yabJ,214,8
yabK,316,43
tbpA,287,52
yabN,213,23
leuD,228,74
leuC,436,258
leuB,450,184
leuA,935,80
leuL,33,11
leuO,36,8
ilvI,187,88
ilvH,88,20
fruR,1028,153
yabB,846,170
yabC,1037,96
ftsL,182,268
ftsI,1127,315
murE,997,443
murF,1109,262
mraY,1007,287
murD,1438,957
ftsW,998,179
murG,1078,423
murC,1686,304
ddlB,665,425
ftsQ,362,151
ftsA,912,758
ftsZ,2776,1866
lpxC,15709,1727
yacA,1696,54
secA,5472,2267
mutT,162,16
yacG,186,48
yacF,511,75
yacE,271,64
guaC,1260,100
hofC,134,0
hofB,43,0
ppdD,39,0
nadC,668,55
ampD,540,49
ampE,455,57
STM0148,250,29
STM0149,77,28
aroP,299,24
pdhR,13552,124
aceE,37588,1236
aceF,25465,1023
lpdA,22227,1138
STM0155,275,0
STM0156,98,4
yacH,122,0
acnB,5875,492
STM0159,603,4
yacL,211,28
kdgT,26,11
STM0162,18,14
STM0163,49,3
STM0164,469,29
speD,1410,170
speE,1493,218
yacC,448,35
cueO,239,42
gcd,1365,33
hpt,1119,295
yadF,4484,100
yadG,201,95
yadH,151,191
stiH,169,0
stiC,39,0
stiB,13,0
stiA,20,0
yadI,23,0
yadE,370,29
panD,235,50
panC,739,68
panB,529,26
folK,626,32
pcnB,3970,395
yadB,383,38
dksA,2272,601
sfsA,421,22
ligT,163,6
hrpB,712,231
mrcB,1876,379
fhuA,7612,1422
fhuC,1080,1309
fhuD,809,402
fhuB,2095,1092
stfA,36,10
stfC,79,5
stfD,8,1
stfE,2,0
stfF,2,0
stfG,3,1
STM0201,72,7
hemL,928,426
yadQ,212,118
yadR,708,586
yadS,548,23
btuF,285,61
pfs,440,201
dgt,148,22
htrA,815,613
cdaR,139,106
yaeH,162,71
STM0212,577,29
dapD,2854,135
glnD,1801,172
map,2335,445
rpsB,72852,21437
tsf,31824,10265
pyrH,3938,823
frr,4048,1867
dxr,1429,453
uppS,2184,681
cdsA,1021,493
yaeL,2183,1292
yaeT,6949,1540
hlpA,3485,643
lpxD,4574,675
fabZ,1888,1237
lpxA,3050,2390
lpxB,1375,380
rnhB,629,150
dnaE,2958,2239
accA,1453,541
STM0233,632,202
ldcC,524,55
yaeR,41,30
mesJ,387,140
rof,225,23
yaeP,230,35
yaeQ,306,51
yaeJ,336,8
proS,3147,1128
yaeB,551,65
rcsF,535,8
yaeC,749,445
yaeE,158,50
abc,417,15
yaeD,435,78
yafB,728,119
yafC,249,4
STM0257,197,9
yafD,697,24
yafE,426,23
dniR,2213,883
gloB,271,9
yafS,375,6
rnhA,258,74
dnaQ,332,43
STM0266,956,14
STM0267,132,4
STM0268,92,6
STM0269,29,0
STM0270,77,2
STM0271,28,0
STM0272,78,44
STM0273,17,22
STM0274,77,11
STM0274A,3,0
STM0275,6,2
STM0276,13,0
STM0277,5,0
STM0278,10,3
STM0279,6,0
STM0280,3,3
STM0281,22,5
STM0282,21,10
STM0283,8,0
STM0284,1,0
STM0285,218,26
STM0286,16,10
STM0287,9,0
STM0288,1,3
STM0289,61,25
STM0290,31,0
STM0291,56,20
STM0292,54,11
STM0293,65,8
STM0294,17,27
STM0295,6,0
STM0296,5,4
safA,12,13
safB,11,0
safC,67,25
safD,32,7
ybeJ,49,21
sinR,70,5
STM0305,19,0
STM0306,39,0
STM0307,157,0
yafV,477,16
yafH,181,38
ghmA,520,226
yafJ,479,51
yafK,676,40
dinP,447,128
prfH,292,59
pepD,3014,529
gpt,483,123
yafA,478,90
crl,468,36
phoE,199,2
proB,775,41
proA,777,260
STM0324,10,0
STM0325,25,4
STM0327,218,9
STM0328,6,3
STM0329,11,5
STM0330,68,6
STM0331,24,0
STM0332,28,11
STM0333,85,7
STM0334,9,0
STM0335,9,0
stbE,25,5
stbD,71,0
stbC,174,5
stbB,3,0
stbA,2,0
STM0341,39,0
STM0342,13,0
STM0343,76,20
STM0344,54,10
STM0345,25,3
STM0346,6,3
STM0347,22,0
STM0348,3,0
STM0349,22,4
STM0350,93,10
STM0351,77,0
STM0352,11,0
STM0353,49,12
STM0354,54,2
STM0355,54,5
STM0356,105,13
mod,476,64
res,1030,203
STM0359,19,0
STM0360,55,17
STM0361,89,14
STM0362,7,0
STM0363,636,118
foxA,239,19
yahN,62,3
yahO,7,0
prpR,49,15
prpB,42,5
prpC,25,3
prpD,31,0
prpE,203,8
hemB,2196,251
yaiU,468,108
yaiV,25,0
ampH,347,4
sbmA,323,44
yaiW,230,15
yaiY,95,2
yaiZ,57,41
ddlA,627,56
STM0381,54,2
STM0382,135,3
yaiB,166,13
psiF,56,0
yaiC,135,1
proC,620,130
yaiI,185,126
aroL,775,99
yaiA,295,12
aroM,657,31
yaiE,316,45
rdgC,768,450
yajF,136,20
araJ,244,80
sbcC,969,110
sbcD,523,14
phoB,450,191
phoR,380,34
brnQ,2393,579
proY,947,120
malZ,208,100
STM0402,2494,653
yajB,178,3
queA,1024,149
tgt,2891,2196
yajC,890,646
secD,3971,1298
secF,2402,1429
STM0409,71,66
STM0410,95,29
yajD,263,74
STM0412,171,3
tsx,570,505
yajI,50,6
ybaD,148,57
ribD,312,115
ribH,32,288
nusB,410,581
thiL,179,334
pgpA,276,139
yajO,466,68
dxs,2333,377
ispA,950,235
xseB,335,10
thiI,3813,706
phnV,548,1
phnU,44,2
phnT,47,6
phnS,66,6
phnR,88,4
phnW,21,0
phnX,54,0
thiJ,284,15
apbA,200,12
yajQ,565,209
yajR,298,17
STM0436A,22,0
STM0437,36,17
STM0438,300,12
cyoE,5355,166
cyoD,1133,25
cyoC,2480,93
cyoB,11616,511
cyoA,8299,288
ampG,934,168
yajG,432,12
bolA,336,12
tig,19578,15623
clpP,2362,239
clpX,6487,3569
lon,3307,4440
hupB,1404,1053
cypD,771,469
ybaV,26,5
ybaW,81,0
ybaX,243,137
ybaE,87,7
cof,222,17
STM0458,119,876
ybaO,284,147
mdlA,607,131
mdlB,458,55
glnK,17,7
amtB,74,17
tesB,378,27
ybaY,289,3
ybaZ,51,9
ylaB,1323,4
rpmE2,54,0
rpmJ2,87,0
ylaC,1779,0
maa,859,15
hha,670,24
ybaJ,1179,2
acrB,22765,1800
acrA,9897,178
acrR,1002,26
aefA,2510,315
STM0479,388,4
ybaM,16,5
priC,124,29
ybaN,300,39
apt,1110,210
dnaX,4036,923
ybaB,818,366
recR,1779,1127
htpG,1736,830
adk,2028,1523
hemH,309,107
aes,102,1
gsk,952,356
ybaL,1689,355
fsr,874,14
ushA,399,111
ybaK,278,45
ybaP,376,38
STM0497,28,0
copA,245,52
cueR,185,60
ybbJ,128,41
ybbK,256,28
ybbL,47,1
ybbM,189,24
ybbN,537,95
ybbO,328,28
tesA,214,3
ybbA,105,99
ybbP,207,177
STM0509,175,31
sfbA,819,19
sfbB,393,11
sfbC,214,23
ybbB,430,51
ybbS,40,0
allA,10,3
allR,167,39
gcl,29,0
gip,2,0
glxR,16,9
STM0520,6,1
ybbV,0,0
allP,1,0
allB,20,24
ybbY,24,6
glxK,11,1
ylbA,137,19
allC,17,0
allD,27,2
fdrA,15,2
ylbE,16,2
ylbF,2,1
arcC,31,7
purK,513,30
purE,226,21
lpxH,560,17
ppiB,1982,44
cysS,1492,805
STM0538,258,0
STM0539,42,0
ybcI,145,0
ybcJ,176,50
folD,805,87
fimA,11,13
fimI,28,1
fimC,3,0
fimD,35,4
fimH,18,0
fimF,25,3
fimZ,2,0
fimY,46,0
STM0551,5,0
fimW,19,0
STM0554,309,0
STM0557,55,0
yfdH,279,0
rfbI,239,0
STM0561,47,0
STM0562,28,5
STM0563,123,0
STM0564,71,2
STM0565,1,0
STM0566,63,3
STM0567,970,81
pheP,908,109
ybdG,738,19
apeE,89,42
STM0571,111,20
STM0572,43,0
STM0573,29,2
STM0574,57,6
STM0575,34,1
STM0576,20,2
STM0577,77,0
nfnB,4268,145
ybdF,1305,1
STM0580,2757,22
STM0581,1621,0
ybdJ,413,2
ybdK,864,41
entD,361,4
fepA,2429,1320
fes,479,1024
ybdZ,29,61
entF,1569,1659
fepE,963,361
fepC,877,102
fepG,1171,103
fepD,1789,137
ybdA,1249,266
fepB,1523,44
entC,2007,994
entE,1345,466
entB,647,457
entA,373,418
ybdB,201,70
cstA,528,257
ybdD,39,4
ybdH,113,24
ybdL,170,15
ybdM,77,16
ybdN,174,5
ybdO,261,3
dsbG,567,49
ahpC,17183,268
ahpF,2633,138
STM0610,4,1
STM0611,73,2
STM0612,30,0
STM0613,96,16
ybdQ,523,68
ybdR,45,3
rnk,364,69
rna,781,16
citT,117,25
citG,12,0
citX,3,0
citF,3,7
citE,9,13
citD,1,0
citC,8,0
dpiB,36,21
dpiA,23,21
dcuC,39,26
pagP,180,28
cspE,10161,693
crcB,53,21
ybeM,49,16
ybeC,96,266
lipA,5330,227
ybeF,271,8
lipB,504,34
ybeD,420,104
dacA,1694,184
rlpA,923,118
mrdB,354,45
mrdA,1168,126
ybeA,942,155
ybeB,1264,218
cobC,94,1
cobD,171,19
nadD,352,18
holA,952,144
rlpB,1069,206
leuS,4995,1337
STM0649,8,0
STM0650,40,0
STM0651,120,22
STM0652,284,30
ybeL,100,38
ybeQ,72,2
ybeR,4,8
ybeS,10,5
ybeU,0,0
ybeV,41,22
hscC,38,5
STM0660,60,10
ybeK,42,40
gltL,71,25
gltK,39,2
gltJ,102,12
gltI,376,31
lnt,1625,80
ybeX,1884,344
ybeY,356,21
phoL,784,219
miaB,1688,718
ubiF,414,68
STM0672,137,0
asnB,537,28
nagD,760,111
nagC,693,87
nagA,566,80
nagB,228,25
nagE,347,191
glnS,3193,1140
ybfM,56,35
ybfN,20,1
citA,109,9
citB,21,3
STM0691,110,18
STM0692,382,4
fur,2955,202
fldA,2087,152
ybfE,746,38
ybfF,300,21
seqA,1383,85
pgm,3474,307
STM0699,45,1
potE,38,9
speF,89,2
kdpE,103,34
kdpD,150,51
kdpC,14,2
kdpB,54,12
kdpA,51,7
STM0707,2,0
ybfA,23,50
phrB,177,21
ybgH,394,59
ybgI,159,113
ybgJ,132,58
ybgK,123,67
ybgL,171,18
STM0715,14,0
STM0716,275,36
STM0717,13,2
STM0718,23,6
STM0719,7,0
STM0720,2,1
STM0721,1,0
STM0722,5,2
STM0723,4,0
STM0724,8,1
STM0725,1,1
STM0726,31,1
STM0727,0,0
nei,330,34
abrB,202,0
gltA,3932,33
STM0731,1687,0
sdhC,840,5
sdhD,172,0
sdhA,899,150
sdhB,336,47
sucA,1068,225
sucB,573,331
sucC,548,219
sucD,468,80
cydA,1684,4396
cydB,1256,2331
ybgT,83,29
ybgE,227,363
ybgC,460,34
tolQ,597,623
tolR,177,132
tolA,353,198
tolB,1604,421
pal,2027,261
ybgF,1493,32
nadA,44,18
pnuC,52,6
ybgR,88,20
ybgS,50,0
aroG,1170,143
STM0761,64,2
STM0762,22,0
STM0763,107,11
STM0764,19,0
STM0765,3,0
dcoC,6,0
dcoB,17,6
STM0769,18,36
STM0770,25,4
STM0771,226,9
gpmA,2704,404
galM,287,21
galK,277,19
galT,176,19
galE,174,4
STM0777,28,0
modF,1502,132
modE,445,129
STM0780,387,8
modA,359,76
modB,129,174
modC,248,156
ybhA,112,5
ybhE,598,24
ybhC,1121,388
hutI,457,14
hutG,203,20
hutC,282,0
hutH,150,12
ybhB,284,47
bioA,928,157
bioB,226,49
bioF,113,76
bioC,28,15
bioD,66,43
uvrB,883,418
STM0799,8,0
slrP,364,32
ybhK,289,50
moaA,995,116
moaB,123,70
moaC,74,43
moaD,19,41
moaE,85,111
ybhL,933,166
ybhM,5,0
STM0809,4,0
STM0810,24,2
ybhN,44,17
ybhO,14,0
ybhP,4,0
ybhQ,120,91
ybhR,186,3
ybhS,162,4
ybhF,324,37
STM0818,344,6
ybiH,256,0
rhlE,3792,516
dinG,2575,436
ybiB,613,150
ybiJ,398,1
ybiI,136,0
ybiN,480,31
ybiO,424,21
glnQ,648,97
glnP,416,4
glnH,845,122
dps,327,51
ybiF,257,18
ompX,15153,185
ybiP,2473,15
STM0835,64,25
ybiR,151,55
ybiS,1196,161
ybiT,2157,1610
STM0839,38,14
ybiV(2),280,0
ybiU,477,6
ybiV(1),1222,41
pflF,441,4
pflE,75,0
moeB,349,47
moeA,568,111
ybiK,195,97
yliA,332,85
yliB,204,36
yliC,75,5
yliD,206,19
yliG,1184,1063
yliH,192,22
STM0854,1,0
STM0855,5,2
STM0856,21,6
STM0857,45,14
STM0858,56,3
STM0859,69,2
STM0860,299,11
yliI,123,7
yliJ,161,72
dacC,235,189
deoR,572,11
ybjG,200,14
mdfA,191,77
STM0867,676,9
STM0868,1404,60
STM0869,546,0
STM0870,1127,303
ybjM,248,18
grxA,511,317
ybjC,74,3
mdaA,173,22
rimK,494,130
ybjN,269,15
potF,130,78
potG,59,71
potH,38,13
potI,54,75
ybjO,75,33
ybjF,519,46
STM0884,15,3
STM0885,6,0
STM0886,105,17
artJ,371,9
artM,1071,75
artQ,862,106
artI,856,74
artP,1323,531
ybjP,180,9
STM0893,0,0
STM0894,0,0
STM0895,0,0
STM0896,0,0
STM0897,0,0
STM0898,0,0
STM0898A,0,0
STM0899,0,0
STM0900,0,0
STM0901,0,0
STM0902,0,0
STM0903,0,0
STM0904,0,0
STM0905,0,0
STM0906,0,13
STM0907,0,34
STM0908,0,0
STM0909,0,0
STM0910,0,0
STM0911,0,0
STM0912,0,0
STM0913,0,0
STM0914,0,0
STM0915,0,0
STM0916,0,0
STM0917,0,0
STM0918,0,0
STM0919,0,0
STM0920,0,0
STM0921,0,0
STM0922,0,0
STM0923,0,0
STM0924,0,0
STM0925,0,0
STM0926,0,0
STM0927,0,0
nanH,0,0
STM0929,0,0
STM0930,121,12
ybjR,313,14
STM0932,370,45
ybjT,181,34
ltaA,329,76
poxB,57,2
hcr,85,27
hcp,57,107
ybjE,553,32
ybjD,515,35
ybjX,1604,16
ybjY,447,74
ybjZ,474,144
cspD,103,0
yljA,223,122
clpA,2137,1338
tnpA_1,7,0
STM0950,43,13
STM0951,22,11
STM0952,475,6
infA,547,106
STM0954,304,200
aat,278,24
cydC,496,197
cydD,511,179
trxB,1717,461
lrp,2202,272
ftsK,5064,1018
lolA,734,31
ycaJ,933,64
serS,4707,990
dmsA,37,10
dmsB,6,3
dmsC,9,12
ycaD,37,75
ycaM,61,8
pflA,773,334
STM0971,39,0
STM0972,10,165
pflB,2908,924
focA,501,97
ycaO,1261,689
ycaP,10,8
serC,1163,112
aroA,1047,75
ycaL,226,6
cmk,2076,280
rpsA,70653,78336
himD,1463,344
ycaI,84,13
msbA,1167,190
lpxK,707,243
ycaQ,249,16
ycaR,32,6
kdsB,298,281
STM0989,139,116
ycbC,105,0
smtA,414,78
mukF,310,295
mukE,292,124
mukB,4396,2158
ycbB,1029,55
ycbK,358,16
ycbL,360,131
aspC,1348,441
ompF,1499,367
asnS,2330,1386
STM1001,37,0
STM1002,10,5
STM1003,11,0
pncB,2140,25
STM1005,444,192
STM1006,19,0
STM1007,0,0
STM1008,1,0
STM1009,0,0
STM1010,0,0
STM1011,0,0
STM1012,0,0
STM1013,0,0
STM1014,0,0
STM1015,0,0
STM1016,0,0
STM1017,0,0
STM1018,0,0
STM1019,0,0
STM1020,26,0
STM1021,0,0
STM1022,0,0
STM1023,0,29
STM1024,275,0
STM1025,1411,152
STM1026,25,10
STM1027,0,0
STM1028,2,2
STM1029,0,2
STM1030,0,23
STM1031,0,26
STM1032,0,26
STM1033,0,12
STM1034,0,4
STM1035,0,4
STM1036,0,0
STM1037,0,9
STM1038,0,18
STM1039,0,9
STM1040,0,8
STM1041,0,59
STM1042,1,3
STM1043,33,1
sodC,140,2
STM1045,58,12
STM1046,21,3
STM1047,10,5
STM1048,155,26
STM1049,31,1
STM1050,8,2
sseI,28,17
STM1053,21,4
STM1054,6,1
STM1055,18,2
STM1056,2,2
pepN,665,395
pyrD,217,11
ycbW,318,51
STM1060,238,21
ycbY,704,596
uup,1025,639
pqiA,401,87
pqiB,722,261
ymbA,243,2
rmf,131,7
fabA,2944,449
lonH,3442,597
ycbG,405,31
ompA,47243,4976
sulA,2027,34
yccR,56,8
yccS,482,54
yccF,70,20
helD,272,218
mgsA,109,21
yccT,44,3
STM1078,128,31
yccV,331,149
yccW,802,184
STM1081,56,3
STM1082,111,6
yccX,57,11
yccK,363,285
yccA,1403,219
pipA,1338,3
pipB,73,5
STM1089,2,0
pipC,7,0
sopB,31,1
orfX,0,4
STM1093,1,0
pipD,135,2
copS,353,7
copR,273,19
STM1097,189,1
hpaC,54,0
hpaB,139,0
hpaR,317,0
hpaG,8,6
hpaE,44,19
hpaD,13,3
hpaF,3,0
hpaH,8,2
hpaI,9,4
hpaX,50,5
hpaA,52,5
STM1109,51,1
STM1110,112,0
yccD,78,16
cbpA,225,27
scsA,200,148
scsB,296,65
scsC,46,27
scsD,81,43
agp,196,46
yccJ,50,0
wraB,69,18
ymdF,53,0
ycdC,109,39
STM1123,109,25
putA,365,85
putP,313,57
phoH,370,8
STM1127,428,11
STM1128,85,1
STM1129,12,0
STM1130,4,0
STM1131,0,6
STM1132,2,2
STM1133,76,15
ycdW,304,94
ycdX,419,86
ycdY,454,23
ycdZ,400,14
csgG,160,0
csgF,32,0
csgE,55,0
csgD,173,2
csgB,4,0
csgA,63,0
csgC,10,3
ymdA,16,14
STM1147,102,30
ymdC,464,163
mdoC,831,7
mdoG,1522,338
mdoH,2363,739
yceK,57,3
msyB,42,8
yceE,159,6
htrB,716,164
yceA,722,156
yceI,146,9
STM1158,68,3
yceO,8,0
solA,344,24
yceP,711,39
dinI,181,1
pyrC,606,48
yceB,1153,34
grxB,422,2
yceL,95,26
rimJ,166,31
yceH,157,77
mviM,176,54
mviN,483,72
flgN,213,36
flgM,151,33
flgA,175,248
flgB,137,54
flgC,64,78
flgD,195,398
flgE,513,886
flgF,206,412
flgG,230,122
flgH,123,108
flgI,157,416
flgJ,192,360
flgK,1477,1089
flgL,1167,434
rne,8442,1539
rluC,878,171
STM1188,373,64
yceF,336,2
yceD,20478,8420
rpmF,8741,985
plsX,3597,4015
fabH,2758,1500
fabD,3421,3057
fabG,7632,3350
acpP,9332,2951
fabF,11853,5392
pabC,209,18
yceG,183,199
tmk,283,181
holB,556,48
ycfH,478,285
ptsG,6918,3901
fhuE,482,226
ycfF,185,11
ycfL,157,54
ycfM,284,45
ycfN,175,43
nagZ,257,107
ycfP,220,35
ndh,2293,218
ycfJ,306,6
ycfQ,287,42
ycfR,1463,154
ycfS,543,73
mfd,1239,268
ycfU,332,77
ycfV,246,127
ycfW,635,48
ycfX,445,465
cobB,604,63
potD,763,137
potC,668,153
sifA,96,4
potB,458,49
potA,1085,222
pepT,90,24
STM1228,110,4
ycfD,730,147
phoQ,785,50
phoP,588,23
purB,914,170
ycfC,824,82
trmU,1736,778
ymfB,81,25
STM1236,45,5
ymfC,104,65
icdA,4553,663
STM1239,126,0
envF,48,1
msgA,295,177
envE,821,30
STM1243,1840,7
pagD,5,0
pagC,26,5
STM1249,263,13
STM1250,64,21
STM1251,203,270
STM1252,267,33
STM1253,137,7
STM1254,194,60
STM1255,126,60
STM1256,56,14
STM1257,109,11
STM1258,45,0
STM1259,31,0
STM1260,78,7
STM1261,41,8
STM1263,103,4
aadA,195,2
STM1265,15,0
STM1266,2221,55
STM1267,78,2
STM1268,6,4
STM1269,31,0
yeaS,457,58
yeaR,27,15
yoaG,13,4
STM1273,68,1
yeaQ,74,4
yaoF,67,1
STM1276,229,51
yeaO,332,19
yeaN,242,8
yeaM,52,15
yeaL,85,14
STM1281,16,15
yeaK,50,6
yeaJ,77,1
yeaH,309,58
yeaG,94,28
mipA,898,852
STM1287,43,16
STM1288,81,39
yeaD,295,24
gapA,11620,3268
yeaA,280,41
yeaC,241,27
pncA,266,25
ansA,348,16
sppA,729,238
ydjA,389,12
selD,746,191
topB,1084,318
gdhA,633,100
STM1300,77,11
STM1301,184,6
xthA,482,90
astC,20,6
astA,29,0
astD,15,11
astB,8,17
astE,10,20
spy,129,17
STM1309,325,187
nadE,825,21
osmE,70,42
celA,163,3
celB,54,5
celC,17,11
celD,43,26
celF,36,47
celG,33,28
katE,78,1
cedA,105,15
ydjN,1937,73
ydjM,260,5
yniC,231,238
yniB,178,24
STM1324,159,7
ydiZ,28,0
pfkB,205,48
ydiY,743,71
STM1328,34,3
STM1329,0,0
STM1330,58,3
STM1331,13,0
rfc,378,11
thrS,11417,3867
infC,31874,3319
rpmI,13499,1836
rplT,25169,14434
pheS,605,414
pheT,2594,2867
himA,1648,402
btuC,376,130
btuE,130,31
btuD,118,23
nlpC,85,16
ydiV,57,7
ydiU,1353,48
ydiE,256,7
aroH,488,57
ydiA,112,10
pps,172,219
ydiD,88,10
ydiT,2,3
ydiS,62,0
ydiR,45,2
ydiQ,59,1
ydiP,11,0
ydiO,23,11
ydiF,16,26
aroD,66,29
ydiB,17,2
ydiN,2,0
ydiM,17,0
ydiL,4,0
ydiK,313,52
ydiJ,559,114
STM1366,27,12
ydiH,63,41
STM1368,96,13
sufA,29,14
sufB,127,66
sufC,69,83
sufD,152,114
sufS,116,81
ynhA,43,6
ynhG,171,31
lppB,155,13
lpp,30351,4209
pykF,5159,1146
orf48,143,4
orf32,91,0
orf245,6,5
orf408,1,0
ttrA,67,6
ttrC,10,0
ttrB,20,0
ttrS,182,52
ttrR,12,9
orf70,40,67
orf319,1045,52
orf242,240,5
ssrB,8,0
ssrA,55,4
ssaB,2,0
ssaC,9,0
ssaD,3,9
ssaE,3,0
sseA,2,25
sseB,5,32
sscA,26,26
sseC,12,121
sseD,3,0
sseE,0,0
sscB,5,0
sseF,7,16
sseG,13,4
ssaG,1,3
ssaH,0,13
ssaI,1,0
ssaJ,5,49
STM1410,1,6
ssaK,1,4
ssaL,16,45
ssaM,3,3
ssaV,13,11
ssaN,35,18
ssaO,1,2
ssaP,2,2
ssaQ,18,6
ssaR,5,18
ssaS,2,0
ssaT,5,3
ssaU,408,0
ydhE,378,143
ribE,98,121
cfa,465,39
ydhC,849,36
ydhB,125,8
purR,1720,189
sodB,1514,93
ydhO,200,12
ydhD,1483,709
rnt,747,124
gloA,382,71
nemA,364,52
ydhM,302,10
ydhL,10,0
ydhF,471,12
sodC,121,60
STM1441,306,15
ydhJ,155,1
ydhI,60,6
slyA,872,226
slyB,1445,93
ydhH,161,39
ydhA,55,11
pdxH,288,44
tyrS,3241,822
pdxY,637,39
gst,272,9
ydgR,3745,381
nth,546,104
ydgQ,486,149
ydgP,480,83
ydgO,815,116
STM1457,1767,413
ydgM,253,75
STM1459,872,306
ydgK,1297,43
ydgT,618,37
ydgJ,495,42
add,777,298
ydgA,1150,156
manA,370,111
fumA,758,170
fumC,225,17
tus,150,7
rstB,108,40
STM1472,113,1
ompN,19,1
rstA,334,74
ydgC,162,6
ydgI,922,102
ydgH,2010,251
pntA,1784,706
pntB,1130,455
STM1481,228,16
ydgF,251,28
ydgE,89,23
STM1484,262,20
STM1485,28,4
ynfM,160,24
ynfL,110,6
mlc,127,69
ynfK,49,75
STM1490,170,22
STM1491,115,4
STM1492,47,20
STM1493,46,3
STM1494,41,0
ynfI,299,54
STM1496,189,17
STM1497,14,0
STM1498,103,1
STM1499,113,9
ynfD,192,18
ynfC,249,46
speG,388,349
ynfB,324,50
ynfA,17,24
rspA,16,2
rspB,12,0
ydfJ,2,10
ydfI,108,56
ydfZ,38,7
ydfH,509,5
ydfG,607,158
dcp,216,87
STM1513,4,0
ydeJ,15,0
ydeI,61,0
ydeE,397,0
ydeD,70,11
marB,94,0
marA,191,0
marR,161,2
marC,170,8
ydeA,209,37
yneJ,140,9
yneI,65,19
yneH,285,89
yneG,80,12
STM1527,829,12
STM1528,83,0
STM1529,5,0
STM1530,25,0
STM1531,6,0
STM1532,23,0
STM1533,39,3
STM1534,32,7
STM1535,8,0
STM1536,24,13
STM1537,18,3
STM1538,34,4
STM1539,9,7
STM1540,33,0
STM1541,232,31
STM1542,69,3
STM1543,5,3
pqaA,9,0
STM1545,20,0
STM1546,48,10
STM1547,72,30
STM1548,31,3
STM1549,151,16
STM1550,101,1
STM1551,40,7
STM1552,15,16
STM1554,207,7
STM1555,60,19
STM1556,77,11
STM1557,69,10
STM1558,154,40
STM1559,57,10
STM1560,52,10
STM1561,24,0
STM1562,10,6
osmC,52,0
yddX,15,1
rpsV,93,5
sfcA,1261,308
adhP,239,43
fdnI,37,40
fdnH,45,63
fdnG,77,263
yddG,22,0
nmpC,22271,17919
STM1573,107,264
smvA,368,40
STM1575,115,11
narU,29,1
narZ,73,29
narY,20,0
narW,8,0
narV,47,0
yddE,400,57
nhoA,368,34
STM1583,71,22
ansP,2427,441
STM1585,92,6
STM1586,1592,261
yncD,140,22
yncC,36,12
yncB,155,69
yncA,233,25
ydcZ,94,10
ydcY,103,16
srfA,247,319
srfB,560,268
srfC,819,208
ydcX,278,45
ydcW,267,43
ydcR,406,29
pdgL,46,4
STM1600,10,1
ugtL,2,0
sifB,18,7
yncJ,18,0
ydcP,724,317
ydcN,175,0
STM1606,267,17
STM1607,278,38
tehB,106,148
tehA,87,34
ydcK,32,1
rimL,65,1
STM1612,45,0
STM1613,4,0
STM1614,26,0
STM1615,130,3
STM1616,20,0
STM1617,15,0
STM1618,39,1
STM1619,17,2
STM1620,40,1
STM1621,12,0
ydcG,873,140
STM1623,56,84
STM1624,69,17
ydcI,445,12
trg,194,32
STM1627,43,206
STM1628,26,113
STM1629,33,0
STM1630,2,6
sseJ,17,1
STM1632,7,2
STM1633,18,5
STM1634,5,0
STM1635,5,0
STM1636,11,0
STM1637,29,0
STM1638,426,14
cybB,166,39
ydcF,178,103
hrpA,1391,786
acpD,130,13
STM1643,35,28
ydbL,52,12
ynbE,2,7
ydbH,436,107
ldhA,458,84
hslJ,163,3
STM1649,20,10
STM1650,7,0
nifJ,691,60
ynaF,158,47
STM1653,73,17
ydaO,606,138
dbpA,961,118
STM1656,285,54
STM1657,122,9
ydaL,166,53
ogt,246,53
fnr,2986,308
ydaA,1589,135
ynaJ,204,13
ynaI,107,6
STM1664,33,13
STM1665,74,6
STM1667,16,0
STM1668,3,0
STM1669,25,1
STM1670,1,0
STM1671,3,1
STM1672,103,5
STM1673,33,9
STM1674,36,27
STM1675,99,54
STM1676,90,5
STM1677,47,12
STM1678,109,0
mppA,408,67
ycjI,315,6
ycjG,208,94
tpx,7210,141
tyrR,1003,239
ycjF,80,203
ycjX,103,158
pspE,35,8
pspD,13,27
pspC,18,83
pspB,5,8
pspA,106,937
pspF,192,9
sapA,534,31
sapB,173,5
sapC,209,51
sapD,318,5
sapF,429,5
STM1697,361,1
STM1698,14,10
STM1698A,0,1
ycjE,77,7
fabI,3512,639
yciW,241,0
rnb,4211,996
yciR,331,11
yciT,543,25
osmB,209,17
yciH,71,48
pyrF,241,154
yciM,594,53
yciS,300,117
pgpB,117,10
ribA,638,147
acnA,714,188
cysB,1572,67
topA,5893,1603
yciN,145,29
sohB,197,100
yciK,185,17
btuR,263,25
yciL,2888,2777
yciO,444,68
trpH,344,190
trpL,4,0
trpE,194,15
trpD,276,15
trpC,508,11
trpB,576,7
trpA,359,34
yciG,17,1
yciF,8,0
yciE,3,0
STM1731,117,27
ompW,24,9
STM1733,63,8
yciC,707,157
yciB,371,253
yciA,319,119
tonB,490,114
yciI,412,11
cls,266,45
yciU,86,44
STM1741,136,12
oppF,180,71
oppD,91,75
oppC,70,16
oppB,85,21
oppA,329,25
STM1747,48,0
ychE,140,4
adhE,2435,1075
tdk,274,32
hns,4835,4976
galU,2767,502
hnr,599,58
ychK,382,64
ychJ,357,13
purU,874,51
STM1760,98,5
narI,25,9
narJ,9,1
narH,18,18
narG,43,69
narK,21,82
narX,416,29
narL,211,42
ychP,656,49
ychN,188,124
chaB,97,0
chaA,1129,231
kdsA,1526,554
ychA,890,280
sirC,129,12
hemK,885,378
prfA,1259,721
hemA,2493,516
lolB,376,41
ipk,1509,421
prsA,4759,1408
ychM,454,108
ychH,5,5
pth,194,29
ychF,1929,1904
STM1785,352,23
STM1786,22,2
STM1787,29,0
STM1788,15,0
STM1789,5,1
STM1790,5,0
STM1791,17,7
STM1792,32,6
STM1793,69,0
STM1794,17,0
STM1795,2109,35
treA,355,13
ymgE,20,12
ycgR,370,111
emtA,197,23
ycgQ,277,29
ycgO,1679,219
dadX,206,4
dadA,149,27
ycgB,340,12
fadR,699,166
nhaB,373,22
dsbB,1143,205
STM1808,138,1
STM1809,100,13
STM1810,42,5
ycgN,220,230
ycgM,507,38
ycgL,198,64
minC,733,326
minD,1359,410
minE,198,38
rnd,680,105
fadD,1015,214
slp,467,433
yeaZ,889,480
yoaA,757,204
yoaB,478,157
yoaH,106,350
pabB,602,54
yeaB,179,5
sdaA,1262,681
STM1827,195,1
yoaE,413,304
STM1829,38,0
manX,295,1912
manY,176,381
manZ,230,410
STM1833,11,17
yebN,301,44
rrmA,416,58
STM1836,381,23
cspC,2305,89
yobF,989,42
STM1839,225,16
yobG,51,22
STM1841,29,4
kdgR,518,173
STM1843,114,5
htpX,1897,1732
prc,5056,1654
proQ,5197,1486
yebR,875,153
yebS,416,35
STM1849,746,148
yebU,812,104
STM1851,103,0
yebW,24,7
prpA,44,4
STM1854,8,0
sopE2,6,0
STM1856,4,0
STM1857,45,30
STM1858,25,0
STM1859,17,0
STM1860,15,6
STM1861,8,3
pagO,14,0
STM1863,1,0
STM1864,11,0
STM1865,3,0
pagK,3,0
mig-3,9,4
STM1868A,11,4
STM1869,15,0
STM1869A,5,2
STM1870,10,3
STM1871,29,8
STM1872,377,0
STM1873,499,18
STM1874,734,44
yobA,314,12
holE,93,3
STM1877,119,11
exoX,278,24
ptrB,502,176
yebE,562,382
yebF,290,415
yebG,254,136
purT,104,29
eda,271,61
edd,315,64
zwf,2133,282
yebK,245,8
pykA,1041,308
msbB,710,130
yebA,1570,191
znuA,1005,88
znuC,309,2
znuB,325,22
ruvB,402,433
ruvA,285,198
STM1896,31,0
yebB,59,5
ruvC,510,81
yebC,852,1797
ntpA,443,169
aspS,2623,2331
yecD,187,16
yecE,118,0
yecN,146,23
yecO,358,203
yecP,456,92
cutC,359,29
yecM,147,25
argS,1565,1087
STM1910,198,7
STM1911,238,353
flhE,90,80
flhA,505,226
flhB,121,454
cheZ,646,2487
cheY,219,681
cheB,197,297
cheR,178,125
cheM,767,401
cheW,294,1864
cheA,1306,2984
motB,372,461
motA,640,517
flhC,750,314
flhD,1119,19
STM1926,10,0
yecG,161,8
otsA,153,15
otsB,32,16
araH,13,6
ftnB,65,0
STM1933,30,0
STM1934,104,16
ftn,224,4
yecH,16,1
tyrP,983,8
yecA,990,200
STM1939,133,1
STM1940,189,1
STM1941,34,1
pgsA,321,32
uvrC,809,122
uvrY,887,140
STM1948,10,0
yecF,254,10
sdiA,340,78
yecC,102,191
yecS,48,9
yedO,71,262
fliY,332,205
fliZ,165,72
fliA,751,2691
tnpA_2,15,0
fliB,320,134
fliC,12419,5806
fliD,1026,467
fliS,165,150
fliT,167,28
amyA,204,96
yedD,192,63
yedE,186,66
yedF,17,13
STM1967,14,0
fliE,35,21
fliF,777,962
fliG,404,1535
fliH,320,776
fliI,390,1235
fliJ,99,171
fliK,501,125
fliL,222,345
fliM,773,226
fliN,208,692
fliO,264,129
fliP,423,16
fliQ,59,19
fliR,218,13
rcsA,84,0
yodD,92,1
yedP,17,1
STM1987,214,18
STM1988,44,36
yedI,130,30
yedA,136,14
vsr,137,23
dcm,750,50
yedJ,124,12
STM1994,35,0
ompS,949,12
cspB,32759,37
umuC,432,42
umuD,147,11
STM1999,145,0
yeeI,78,12
STM2005,566,33
STM2006,176,5
STM2007,33,5
STM2008,72,10
amn,489,57
STM2010,12,0
STM2011,168,5
yeeO,38,16
erfK,153,9
cobT,52,23
cobS,24,33
cobU,5,0
cbiP,27,74
cbiO,21,13
cboQ,11,22
cbiN,3,0
cbiM,11,6
cbiL,8,6
cbiK,13,5
cbiJ,9,10
cbiH,1,5
cbiG,6,2
cbiF,8,6
cbiT,5,15
cbiE,0,3
cbiD,55,13
cbiC,4,5
cibB,74,15
cbiA,65,10
pocR,22,12
pduF,34,6
pduA,2,0
pudB,1,5
pduC,6,1
pduD,1,0
pduE,3,1
pduG,6,0
pduH,4,3
pduJ,3,0
pduK,8,0
pduL,6,4
pduM,3,3
pduN,2,0
pduO,11,9
pduP,21,6
pduQ,5,1
pduS,5,13
pduT,2,1
pduU,0,0
pduV,4,0
pduW,32,0
pduX,933,14
yeeX,1534,124
yeeA,423,51
sbmC,74,246
dacD,136,9
phsC,51,1
phsB,18,5
phsA,27,14
sopA,340,0
sbcB,635,48
yeeF,6140,993
yeeY,161,14
yeeZ,226,145
hisG,285,1123
hisD,311,274
hisC,289,65
hisB,349,321
hisH,178,121
hisA,229,145
hisF,294,215
hisI,291,20
wzzB,2681,240
udg,210,7
gnd,1297,458
rfbP,584,129
rfbK,371,68
rfbM,726,61
rfbN,538,49
rfbU,705,28
rfbV,570,67
rfbX,342,11
rfbJ,322,30
rfbH,2229,1411
rfbG,915,505
rfbF,392,739
rfbI,271,376
rfbC,197,160
rfbA,193,46
rfbD,628,119
rfbB,748,136
galF,1965,338
wcaM,35,1
wcaL,3,0
wcaK,17,4
wzxC,17,19
wcaJ,42,2
cpsG,19,0
manC,38,5
wcaI,24,6
wcaH,6,2
wcaG,10,20
gmd,36,13
wcaF,8,0
wcaE,4,0
wcaD,14,9
wcaC,7,8
wcaB,1,1
wcaA,34,0
wzc,26,4
wzb,1,2
wza,11,0
yegH,516,62
asmA,2064,414
dcd,1117,431
udk,730,155
yegE,593,49
alkA,63,5
yegD,831,409
STM2126,155,3
yegN,195,23
yegO,213,14
yegB,175,4
baeS,398,9
baeR,279,21
STM2133,16,1
STM2134,16,8
STM2135,132,6
yegQ,601,295
STM2137,28,3
STM2138,14,3
STM2139,32,43
yegS,55,3
fbaB,26,2
yegT,50,4
yegU,98,27
yegV,233,65
yegW,384,43
thiD,116,85
thiM,306,48
STM2148,242,9
stcD,5,0
stcC,47,6
stcB,3,0
stcA,3,0
yehE,125,0
mrp,2022,573
metG,2410,745
yehR,85,5
STM2156A,142,6
yehS,587,36
yehT,63,30
yehU,223,37
yehV,87,13
STM2161,0,9
yehW,778,3
yehX,337,7
yehY,81,3
yehZ,93,10
bglX,340,127
dld,321,38
pbpG,617,31
yohC,23,7
yohD,95,1
yohF,56,0
yohG,44,10
STM2173,9,2
yohI,95,130
STM2175,48,32
STM2176,30,7
STM2177,12,0
STM2178,16,0
STM2179,11,6
STM2180,280,0
yohJ,50,1
yohK,146,4
cdd,194,61
sanA,359,46
b2145,14,6
STM2186,40,2
yeiA,51,2
mglC,32,3
mglA,15,12
mglB,67,35
galS,259,17
yeiB,530,35
folE,833,53
yeiG,657,9
STM2195,49,12
STM2196,61,13
STM2197,14,1
STM2198,436,1
cirA,8296,1736
lysP,2440,289
yeiE,664,57
yeiH,208,2
nfo,528,18
fruA,689,4878
fruK,222,2264
fruF,324,3349
setB,567,21
STM2208,24,0
STM2209,1,0
yeiP,702,129
yeiR,596,47
yeiU,1062,15
spr,8428,427
rtn,703,11
yejA,341,11
yejB,224,10
yejE,213,11
yejF,1559,24
yejG,1417,22
bcr,355,59
rsuA,367,85
yejH,1048,72
rplY,9939,650
STM2225,669,84
yejK,1168,517
yejL,319,15
yejM,1370,84
STM2230,188,0
STM2231,14,0
oafA,727,27
STM2233,37,0
STM2234,17,7
STM2235,17,1
STM2236,5,11
STM2237,13,3
STM2238,70,6
STM2239,4,2
STM2240,125,62
sspH2,405,108
STM2242,10,0
STM2243,18,0
STM2244,2,0
STM2245,0,0
narP,169,134
ccmH,44,4
ccmG,0,0
ccmF,0,0
ccmE,0,0
ccmD,0,0
ccmC,0,0
ccmB,0,0
ccmA,2,1
napC,11,4
napB,9,0
napH,27,16
napG,15,27
napA,134,72
napD,2,6
napF,11,9
eco,1265,14
yojI,887,196
alkB,20,22
ada,44,40
apbE,28,31
ompC,8044,317
yojN,2299,83
rcsB,1446,26
rcsC,1540,253
gyrA,6782,6330
STM2273,93,23
STM2274,11,0
STM2275,67,0
ubiG,725,111
nrdA,3359,1102
nrdB,1409,706
yfaE,93,38
STM2280,174,37
STM2281,62,1
glpQ,434,666
glpT,364,1438
glpA,55,82
glpB,20,7
glpC,40,22
STM2287,22,6
STM2288,5,0
STM2289,31,3
yfaV,56,0
yfaW,49,2
yfaX,57,0
STM2293,700,40
yfaZ,341,82
yfaO,359,29
ais,1894,14
yfbE,1549,13
pmrF,773,12
yfbG,2150,30
STM2300,674,6
pqaB,418,25
STM2302,57,1
STM2303,73,3
pmrD,79,1
menE,475,337
menC,286,220
menB,242,273
yfbB,87,10
menD,277,329
menF,290,43
elaB,56,32
elaA,55,5
elaC,268,19
STM2314,536,89
yfbK,210,6
nuoN,2179,563
nuoM,2132,1017
nuoL,3230,935
nuoK,173,42
nuoJ,885,158
nuoI,804,393
nuoH,1616,261
nuoG,4258,2050
nuoF,1644,1594
nuoE,517,119
nuoC,3571,1088
nuoB,2275,269
nuoA,2640,212
STM2329,20,0
lrhA,347,147
yfbQ,730,152
STM2332,158,15
yfbS,384,133
yfbT,632,48
yfbU,453,43
STM2336,447,16
ackA,8636,155
pta,9762,438
yfcC,293,0
STM2340,38,25
STM2341,8,5
STM2342,12,0
STM2343,0,0
STM2344,3,0
STM2345,308,9
STM2346,498,65
yfcE,361,118
yfcF,86,13
yfcG,76,0
yfcH,402,35
hisP,149,24
hisM,61,20
hisQ,153,24
hisJ,577,97
argT,92,3
ubiX,486,62
STM2357,652,84
STM2358,62,4
STM2359,32,2
STM2360,36,9
STM2361,120,10
purF,889,141
cvpA,787,244
dedD,820,205
folC,858,554
accD,2497,780
dedA,483,84
truA,556,92
usg,866,430
pdxB,996,406
flk,835,33
STM2372,672,196
STM2373,21,8
STM2374,24,0
STM2375,21,0
STM2376,75,0
STM2377,249,8
fabB,4360,314
STM2379,1047,40
yfcL,226,81
yfcM,269,94
yfcA,233,19
mepA,293,33
aroC,339,441
yfcB,530,385
yfcN,470,19
sixA,1641,428
yfcX,159,36
yfcY,61,7
yfcZ,295,44
fadL,2472,187
vacJ,796,181
yfdC,22,4
pgtE,54,1
pgtA,81,27
pgtB,74,35
pgtC,26,0
pgtP,30,4
STM2400,35,0
ddg,2625,169
yfdZ,1592,67
glk,192,178
STM2404,120,1
STM2405,145,15
STM2406,193,29
ypeC,111,1
mntH,501,24
nupC,425,237
yfeA,258,17
yfeC,68,5
yfeD,85,4
gltX,1692,936
xapR,273,16
xapB,16,5
xapA,4,0
yfeN,25,1
yfeR,44,22
yfeH,352,28
STM2426,61,20
lig,1528,726
zipA,3345,461
cysZ,264,8
cysK,831,101
ptsH,2354,207
ptsI,8862,7394
crr,4345,1916
STM2434,57,10
pdxK,168,16
ptsJ,349,7
yfeJ,273,0
yfeK,45,0
yfeL,145,7
cysM,395,55
cysA,58,32
cysW,71,5
cysU,124,10
cysP,77,4
ucpA,203,48
STM2446,791,268
STM2447,284,25
yfeZ,122,37
STM2449,223,86
amiA,667,63
hemF,415,61
STM2452,72,0
STM2453,145,6
eutR,47,26
eutK,11,0
eutL,9,0
eutC,9,7
eutB,7,11
eutA,9,10
eutH,12,14
eutG,5,10
eutJ,1,4
eutE,16,11
eutN,2,0
eutM,2,0
eutD,5,5
eutT,9,0
eutQ,7,5
eutP,1,0
eutS,2,0
tnpA_3,0,0
maeB,853,106
talA,42,10
tktB,211,15
STM2475,97,2
ypfG,216,16
yffH,248,135
STM2478,214,9
aegA,98,5
narQ,121,2
acrD,504,30
yffB,308,0
dapE,1197,32
STM2484,129,44
ypfI,753,123
STM2486,359,29
purC,401,59
nlpB,3431,755
dapA,2780,1844
gcvR,417,29
bcp,651,127
STM2492,273,1
perM,359,159
STM2494,540,27
yfgD,231,16
yfgE,1128,332
uraA,303,20
upp,1251,1999
purM,438,149
purN,399,19
ppk,1465,49
ppx,992,93
STM2503,89,0
STM2504,0,0
STM2505,0,0
STM2506,1,10
STM2507,303,4
STM2508,86,21
STM2509,69,7
guaA,2252,1621
guaB,482,403
xseA,1239,242
shdA,300,55
ratB,722,48
ratA,352,126
sinI,22,12
sinH,27,6
yfgJ,197,0
engA,1951,960
yfgL,2115,1716
yfgM,800,547
hisS,2461,984
gcpE,2812,443
yfgA,4417,376
yfgB,3396,449
ndk,2116,146
STM2527,70,2
STM2528,26,5
STM2529,20,0
STM2530,135,15
pbpC,227,65
STM2532,994,404
sseA,223,113
STM2534,36,0
sseB,697,252
pepB,1382,853
yfhJ,450,651
fdx,433,1177
hscA,3248,2057
hscB,1362,61
yfhF,2124,899
nifU,1482,990
nifS,6760,4647
yfhP,3784,395
STM2545,1352,1512
suhB,2865,761
STM2547,199,3
asrA,17,6
asrB,36,4
asrC,92,18
STM2551,132,40
STM2552,93,9
csiE,256,0
hcaT,741,57
glyA,1705,318
hmpA,103,27
cadC,1115,80
cadB,99,5
cadA,181,63
yjdL,321,9
glnB,378,119
yfhA,894,168
yfhG,514,52
yfhK,523,58
purG,903,161
STM2566,0,0
yfhD,746,65
yfhC,286,69
yfhB,212,19
STM2570,101,13
STM2571,93,25
yfhH,165,10
STM2573,92,3
STM2574,17,6
STM2575,50,0
yfhL,112,11
acpS,214,76
pdxJ,284,335
recO,803,214
era,2113,1066
rnc,1375,428
lepB,1393,627
lepA,2217,1196
gogB,160,0
STM2585,61,0
STM2585A,1,0
STM2586,3,4
STM2587,3,0
STM2588,149,12
STM2589,63,75
STM2590,10,10
STM2591,12,23
STM2592,97,11
STM2593,3,0
STM2594,169,122
STM2595,2,4
STM2596,2,8
STM2597,35,38
STM2598,11,9
STM2599,860,41
STM2600,197,29
STM2601,8,56
STM2602,7,19
STM2603,29,77
STM2604,3,71
STM2605,83,67
STM2606,142,64
STM2607,0,7
STM2608,66,31
STM2609,5,12
STM2610,22,1
STM2611,32,1
STM2612,1,33
STM2613,0,0
STM2614,84,22
STM2616,581,9
STM2617,25,7
STM2618,1,0
STM2619,56,0
STM2620,137,1
STM2621,0,0
STM2622,0,0
STM2623,0,0
STM2624,0,0
STM2625,0,0
STM2626,0,0
STM2627,0,0
STM2628,0,0
STM2629,1,3
STM2630,0,0
STM2631,46,0
STM2632,0,0
STM2633,1,2
STM2634,0,0
STM2635,36,1
STM2636,357,61
rseC,502,95
rseB,1344,127
rseA,1669,118
rpoE,1079,721
nadB,499,19
yfiC,659,35
srmB,2722,482
yfiE,425,9
yfiK,38,1
yfiD,350,99
ung,1004,59
yfiF,2891,297
trxC,944,21
yfiP,388,5
yfiQ,501,81
pssA,2411,201
yfiM,191,16
kgtP,584,44
STM2655,20,8
clpB,1060,3540
yfiH,1041,212
rluD,1206,208
yfiO,3435,223
yfiA,1196,13
STM2666,6,2
pheA,955,87
STM2668,139,15
tyrA,754,53
aroF,934,18
yfiR,798,9
yfiN,1365,12
rplS,12515,5605
trmD,29609,16952
rimM,25375,33493
rpsP,9552,233
ffh,2354,760
corE,854,125
yfjD,1816,114
STM2680,443,32
grpE,947,1852
STM2682,0,0
yfjB,284,7
recN,1333,322
smpA,1082,81
yfjF,348,79
yfjG,292,24
smpB,1158,59
STM2690,77,6
STM2691,33,0
STM2692,50,0
STM2694,0,0
STM2695,0,2
STM2696,0,0
STM2697,0,24
STM2698,0,0
STM2699,0,10
STM2700,0,3
STM2701,0,28
STM2702,0,0
STM2703,0,0
STM2704,0,7
STM2705,2,0
STM2706,4,1
STM2707,0,2
STM2708,0,0
STM2709,0,0
STM2710,0,0
STM2711,0,0
STM2712,0,5
STM2713,0,0
STM2714,0,0
STM2715,0,0
STM2716,0,0
STM2717,0,0
STM2718,0,0
STM2719,0,0
STM2720,0,4
STM2721,0,0
STM2722,0,0
STM2723,0,0
STM2724,0,0
STM2726,0,0
STM2727,0,2
STM2728,0,0
STM2729,0,7
STM2730,0,0
STM2731,0,0
STM2732,0,0
STM2733,0,0
STM2734,0,0
STM2735,0,0
STM2736,0,0
STM2737,0,0
STM2738,0,0
STM2739,0,0
STM2740,166,2
STM2741,17,0
STM2742,386,10
STM2743,276,15
STM2744,0,0
STM2745,77,3
STM2746,429,14
STM2747,247,0
STM2748,127,27
STM2749,14,7
STM2750,11,3
STM2751,4,31
STM2752,53,0
STM2753,282,6
STM2754,167,1
STM2755,4,0
STM2756,0,0
STM2757,2,0
STM2758,31,11
STM2759,47,5
STM2760,28,0
STM2761,33,1
STM2762,60,1
STM2763,56,11
STM2764,13,0
STM2765,16,4
STM2766,151,3
STM2767,725,40
fljA,12,4
fljB,551,63
hin,36,2
iroB,95,25
iroC,219,224
iroD,61,51
iroE,38,13
iroN,174,272
STM2779,31,34
STM2780,28,92
virK,117,6
mig-14,162,8
nxiA,151,18
tctE,112,13
tctD,21,5
STM2786,18,3
STM2787,5,4
STM2788,118,0
STM2789,12,0
ygaF,26,0
gabD,59,9
gabT,258,1
gabP,34,2
ygaE,134,7
ygaU,34,3
yqaE,14,6
STM2797,178,4
ygaP,418,33
stpA,215,188
STM2800,316,8
ygaC,101,4
ygaM,43,5
STM2803,77,51
STM2804,20,3
nrdH,7,55
nrdI,8,15
nrdE,216,52
nrdF,223,22
proV,2430,23
proW,1414,24
proX,780,22
STM2812,383,14
emrR,1105,14
emrA,1593,19
emrB,1061,22
STM2816,112,26
luxS,1269,207
gshA,2816,280
yqaA,680,48
yqaB,2291,442
csrA,1334,138
alaS,6924,3167
oraA,333,76
recA,7271,2355
ygaD,384,296
mltB,388,15
srlA,7,1
srlE,15,0
slrB,5,0
srlD,85,26
gutM,39,0
srlR,224,8
gutQ,128,4
ygaA,146,172
STM2840,82,2
ygbD,100,3
hypF,282,93
hydN,15,0
STM2844,19,0
hycI,15,8
hycH,9,4
hycG,10,16
hycF,9,8
hycE,39,21
hycD,17,7
hycC,31,18
hycB,5,0
hycA,12,0
hypA,18,7
hypB,97,8
hypC,18,5
hypD,175,15
hypE,197,44
fhlA,335,34
ygbA,38,14
sitA,679,33
sitB,197,108
sitC,99,22
sitD,168,26
avrA,79,25
sprB,21,18
hilC,30,2
STM2868,93,0
orgA,105,6
STM2870,364,20
prgK,105,57
prgJ,11,4
prgI,9,13
prgH,39,35
hilD,581,41
hilA,32,4
iagB,7,3
sptP,337,121
sicP,66,44
STM2880,110,15
iacP,3,3
sipA,98,40
sipD,47,20
sipC,88,49
sipB,28,52
sicA,4,6
spaS,4,15
spaR,3,6
spaQ,1,4
spaP,2,10
spaO,5,15
invJ,5,9
invI,1,1
invC,6,32
invB,0,5
invA,12,29
invE,5,18
invG,8,5
invF,8,12
invH,53,8
STM2901,204,32
STM2902,50,8
STM2903,15,1
STM2904,45,18
STM2905,132,21
STM2906,34,0
pphB,109,0
STM2908,60,1
mutS,792,364
STM2910,13,0
STM2911,46,5
STM2912,72,0
STM2913,83,14
STM2914,9,0
ygbM,12,1
ygbL,14,0
ygbK,17,0
ygbJ,25,18
ygbI,242,6
STM2920,121,55
STM2921,10,1
STM2922,118,17
STM2923,57,0
rpoS,11158,1601
nlpD,10812,131
pcm,690,71
surE,700,135
ygbO,1139,341
ispF,349,231
ispD,755,44
ygbQ,747,101
ygbE,59,0
cysC,79,10
cysN,173,12
cysD,66,19
iap,361,34
ygbF,21,0
STM2938,43,22
ygcH,15,7
STM2940,33,4
yghJ,49,10
STM2942,25,0
STM2943,77,0
ygcB,36,8
sopD,31,5
cysH,94,3
cysI,161,46
cysJ,155,23
ptpS,300,109
STM2950,114,5
ygcF,775,74
eno,15151,2398
pyrG,11085,3001
mazG,252,155
STM2955,173,43
relA,1331,340
ygcA,541,171
barA,487,73
STM2959,97,32
gudD,56,24
ygcY,73,52
gudT,64,4
STM2963,339,35
yqcB,373,111
yqcC,145,7
syd,920,57
yqcD,329,14
ygdH,1741,193
sdaC,1824,1287
sdaB,1146,508
exo,431,17
fucO,104,7
fucA,3,0
fucI,39,2
fucK,55,2
fucU,17,0
fucR,283,15
ygdE,809,196
ygdD,124,33
gcvA,664,23
ygdI,843,4
csdA,1369,318
ygdK,330,34
STM2986,145,0
ygdL,377,150
mltA,1040,109
amiC,635,146
argA,126,7
recD,342,32
recB,1112,273
ptr,1590,92
recC,1212,125
ppdC,2,0
ygdB,3,2
ppdB,9,2
ppdA,25,0
thyA,1121,42
lgt,840,52
ptsP,1098,426
ygdP,554,140
mutH,349,115
ygdQ,430,19
ygdR,84,1
tas,846,32
ygeD,513,108
aas,685,102
galR,504,31
STM3012,706,23
lysA,1470,22
lysR,175,0
ygeA,187,65
araE,82,262
kduD,25,2
kduI,39,2
yqeF,107,38
STM3020,141,18
STM3021,53,1
STM3022,932,19
yohL,121,6
yohM,131,0
STM3025,69,2
STM3026,8,2
stdC,18,12
stdB,33,6
stdA,36,0
STM3030,62,4
STM3031,9,4
tnpA_4,0,0
STM3033,499,91
STM3034,248,29
STM3035,63,0
STM3036,652,3
STM3038,488,27
idi,986,29
lysS,4478,2725
prfB,2603,2938
recJ,1202,391
dsbC,434,52
xerD,552,17
fldB,948,56
ygfX,509,81
ygfY,300,31
ygfZ,918,49
yqfA,1861,19
yqfB,107,15
bglA,474,45
STM3052,19,18
gcvP,628,36
gcvH,90,112
gcvT,400,65
visC,1227,122
ubiH,947,151
pepP,1104,93
ygfB,562,63
ygfE,8762,222
ygfA,3151,12
serA,584,90
rpiA,342,160
iciA,325,18
yggE,416,68
yggA,134,15
yggB,292,28
fba,3624,649
pgk,3413,2600
epd,1307,420
STM3071,5,0
STM3072,3,8
STM3073,8,3
STM3074,78,6
STM3075,81,0
tktA,7740,2920
yggG,450,34
speB,1822,582
STM3079,88,8
STM3080,20,0
STM3081,46,5
STM3082,53,4
STM3083,73,7
STM3084,688,25
STM3085,91,2
speA,5320,3193
yqgB,215,8
yqgC,455,3
yqgD,17,214
metK,2168,274
galP,196,41
sprT,137,33
endA,277,5
yggJ,335,129
gshB,619,133
yqgE,820,51
yqgF,433,27
STM3098,217,13
yggR,20,0
yggS,433,69
yggT,493,104
yggU,174,5
yggV,595,152
yggW,1248,138
yggM,41,4
ansB,225,4
yggN,1020,274
yggL,257,95
yggH,613,184
mutY,791,104
yggX,272,25
mltC,583,13
nupG,218,18
speC,455,17
yqgA,176,9
STM3117,1091,0
STM3118,160,7
STM3119,50,0
STM3120,68,0
STM3121,326,15
STM3122,299,15
STM3123,49,5
STM3124,26,6
STM3125,33,0
STM3126,65,14
STM3127,46,16
STM3128,55,17
STM3129,93,15
STM3130,32,7
STM3131,35,9
STM3132,31,9
STM3133,1,5
STM3134,42,8
STM3135,174,16
STM3136,99,21
STM3137,436,14
STM3138,33,10
gsp,775,80
yghU,333,7
STM3141,56,42
STM3142,16,3
hybG,27,1
hybF,43,0
hybE,35,77
hybD,69,223
hybC,295,172
hybB,39,108
hybA,55,262
hypO,252,46
yghW,44,59
STM3152,432,275
yqhA,143,34
STM3154,101,5
STM3155,62,0
STM3156,80,0
yghA,373,3
exbD,787,671
exbB,1569,289
STM3160,7,0
metC,148,12
yghB,470,53
yqhC,222,23
yqhD,246,159
yqhE,202,18
STM3166,46,0
STM3167,372,2
ygiR,1055,329
STM3169,8,0
STM3170,8,0
ygiK,275,4
sufI,1715,237
plsC,681,100
parC,2251,762
STM3175,240,87
ygiW,323,53
ygiX,93,19
ygiY,183,25
mdaB,287,11
ygiN,557,19
parE,4409,940
yqiA,777,169
icc,1070,112
yqiB,187,3
yqiE,281,62
tolC,7628,67
ygiB,1556,179
ygiC,1942,359
ygiD,386,47
ygiE,927,14
STM3191,9,0
STM3192,13,15
STM3193,22,7
STM3194,177,8
ribB,3431,416
yqiC,244,3
glgS,78,0
STM3198,55,0
yqiK,430,10
rfaE,1212,467
glnE,708,193
ygiF,212,106
ygiM,488,95
cca,822,191
bacA,468,166
folB,75,16
ygiH,922,144
gcp,1208,126
rpsU,7892,10520
dnaG,5193,1348
rpoD,7943,4742
mug,183,67
yqjH,763,235
yqjI,502,345
STM3216,3809,462
aer,148,69
oat,114,1
fadH,478,17
ygjO,4006,636
ygjP,215,0
ygjQ,135,6
ygjR,201,10
ygjT,3389,350
ygjU,1393,379
yqjA,916,258
yqjB,684,0
yqjC,1020,19
yqjD,470,71
yqjE,573,166
yqjK,258,48
yqjF,39,1
yqjG,210,20
yhaH,136,12
yhaJ,338,120
yhaK,51,0
yhaL,26,6
yhaN,163,90
yhaO,57,9
tdcG,62,18
tdcE,62,71
tdcD,17,7
tdcC,84,33
tdcB,21,5
tdcA,29,0
garK,27,12
garR,20,3
garL,8,8
garD,65,10
STM3251,143,0
agaR,155,26
STM3253,34,2
STM3254,1,0
STM3255,26,0
STM3256,17,4
STM3257,51,1
STM3258,11,0
STM3259,4,0
STM3260,30,6
STM3261,60,0
STM3262,242,136
yraL,597,29
yraM,1134,117
yraN,98,23
yraO,458,19
yraP,419,57
yraR,273,8
yhbO,115,0
yhbP,127,0
yhbQ,116,0
yhbS,166,94
yhbT,214,72
yhbU,19,7
yhbV,32,20
yhbW,421,7
STM3277,64,0
STM3278,13,0
mtr,415,54
deaD,40252,11710
nlpI,23584,2539
pnp,21389,27138
rpsO,18912,5774
truB,3352,2079
rbfA,1472,446
infB,19125,16477
nusA,10545,6356
yhbC,3810,227
argG,823,58
STM3291,344,29
secG,11703,638
mrsA,723,1170
folP,259,75
hflB,12488,8909
ftsJ,3050,734
yhbY,2827,590
greA,1878,260
dacB,1360,27
yhbZ,2774,8639
rpmA,3124,5097
rplU,6001,2968
ispB,1620,289
nlp,350,5
murA,3695,545
yrbA,686,20
yrbB,262,406
yrbC,608,54
yrbD,423,46
yrbE,663,128
yrbF,1428,274
yrbG,672,163
yrbH,812,121
yrbI,719,192
yrbK,691,41
yhbN,827,29
yhbG,705,200
rpoN,3623,298
yhbH,821,18
ptsN,1014,31
yhbJ,1265,231
ptsO,174,0
yrbL,106,2
mtgA,232,39
yhbL,247,25
arcB,748,239
yhcC,94,1
gltB,1140,925
gltD,298,194
yhcG,56,0
STM3333,340,25
STM3334,695,46
yhcH,22,6
nanK,11,8
nanE,16,7
nanT,67,19
nanA,21,11
yhcK,1168,109
sspB,2750,405
sspA,5410,831
STM3343,720,92
rpsI,22293,18854
rplM,35311,15086
yhcM,1578,82
yhcB,1280,96
degQ,1513,49
degS,814,50
STM3350,40,4
oadB,3,1
oadA,1,0
oadG,4,0
STM3354,7,3
STM3355,11,7
STM3356,12,8
STM3357,611,14
STM3358,771,58
mdh,3118,117
argR,561,34
yhcN,702,0
STM3362,689,4
yhcO,10,0
yhcP,439,7
yhcQ,199,14
yhcR,66,0
yhcS,421,10
tldD,1318,63
yhdP,1244,207
cafA,1878,424
yhdE,746,167
mreD,543,183
mreC,1298,144
mreB,2427,689
yhdA,734,93
yhdH,773,12
STM3377,395,4
STM3378,235,2
accB,4494,415
accC,8258,327
yhdT,68,8
panF,632,70
prmA,980,332
yhdG,18410,5260
fis,3570,962
yhdJ,279,52
yhdU,107,38
STM3388,498,41
envR,26,0
acrE,110,0
acrF,534,15
yhdV,131,0
yrdA,365,41
yrdB,123,19
aroE,671,37
yrdC,594,10
yrdD,656,40
smg,600,124
smf,82,102
def,720,577
fmt,1442,86
sun,907,36
trkA,962,51
mscL,154,35
STM3411,49,29
zntR,132,16
yhdN,111,3
rplQ,19774,17130
rpoA,91081,119999
rpsD,27755,43044
rpsK,22791,8126
rpsM,29445,26459
rpmJ,8905,434
secY,59109,41011
rplO,16617,44482
rpmD,1976,3238
rpsE,15012,23355
rplR,10852,17294
rplF,23290,8683
rpsH,16534,5409
rpsN,15326,17829
rplE,29106,35725
rplX,10254,11249
rplN,17728,25293
rpsQ,8664,13319
rpmC,3054,17422
rplP,18555,6400
rpsC,37165,80158
rplV,17561,48479
rpsS,9834,8429
rplB,39818,12139
rplW,14713,51273
rplD,31789,47753
rplC,44587,35794
rpsJ,24017,15736
hopD,239,0
bfr,960,342
bfd,528,65
tufA,26775,39500
fusA,112781,63281
rpsG,25705,8071
rpsL,22080,4350
yheL,417,14
yheM,240,17
yheN,320,17
yheO,1251,62
fkpA,4295,520
slyX,592,53
slyD,5392,1062
yheV,155,10
kefB,1169,49
yheR,333,4
yheS,2025,157
STM3461,260,19
yheT,1103,81
yheU,82,3
prkB,783,18
yhfA,1016,36
crp,3235,51
yhfK,869,16
argD,227,44
pabA,257,62
fic,98,13
yhfG,48,18
ppiA,711,263
yhfC,701,83
nirB,363,134
nirD,41,5
nirC,79,3
cysG,579,172
bigA,301,25
tnpA_5,1,0
yhfL,74,1
trpS,1262,496
gph,648,221
rpe,812,56
dam,1269,53
damX,3775,2011
aroB,4938,1472
aroK,3253,1920
hofQ,68,6
yrfA,1,14
yrfB,3,2
yrfC,13,8
yrfD,38,5
mrcA,2626,245
yrfE,1095,121
yrfF,1611,67
yrfG,536,149
yrfH,252,75
yrfI,1136,259
yhgE,243,38
pckA,3214,156
envZ,523,131
ompR,558,134
greB,146,20
yhgF,1728,273
feoA,177,27
feoB,1502,467
yhgG,143,94
STM3508,185,4
bioH,214,45
yhgH,109,15
yhgI,788,333
gntT,188,60
malQ,185,43
malP,105,30
malT,579,290
STM3516,117,42
STM3517,146,26
rtcA,112,54
rtcB,101,74
STM3521,56,42
rtcR,823,61
glpR,761,67
glpG,1119,53
glpE,323,1
glpD,3215,1422
STM3527,209,0
STM3528,185,4
STM3529,42,12
STM3531,48,0
STM3532,85,0
STM3533,280,11
glgP,456,63
glgA,68,51
glgC,40,8
glgX,67,13
glgB,244,79
asd,1075,108
yhgN,69,4
gntU,234,51
gntK,90,3
gntR,843,64
yhhW,624,5
yhhX,1881,19
yhhY,298,21
STM3547,7,0
STM3548,4,0
STM3549,8,0
STM3550,52,6
ggt,121,3
yhhA,92,0
ugpQ,87,26
ugpC,21,23
ugpE,15,0
ugpA,34,1
ugpB,124,4
STM3558,20,4
yhhV,3,9
livF,28,67
livG,38,109
livM,91,70
livH,67,66
livK,92,47
yhhK,122,6
STM3566,17,0
livJ,686,41
rpoH,12613,2311
ftsX,1057,272
ftsE,599,125
ftsY,1206,569
yhhF,328,96
yhhL,128,16
yhhM,191,5
yhhN,390,43
zntA,385,120
tcp,613,168
yhhP,119,32
yhhQ,585,25
STM3580,925,19
yhhS,389,38
yhhT,58,2
acpT,618,25
nikR,433,25
yhhJ,268,11
yhiH,449,161
yhiI,312,76
yhiN,736,90
pitA,7832,626
uspB,150,16
uspA,2888,55
yhiP,436,13
yhiQ,411,100
prlC,1248,287
STM3595,213,19
yhiR,1207,38
gor,1278,261
STM3598,112,22
STM3599,60,10
STM3600,33,0
STM3601,88,7
STM3602,254,8
treF,585,87
STM3604,591,8
STM3605,23,0
yhjB,21,0
yhjC,216,3
yhjD,226,1
yhjE,235,42
yhjG,486,97
yhjH,542,157
kdgK,222,14
yhjJ,833,188
dctA,282,40
yhjK,956,30
yhjL,990,107
bcsC,357,76
yhjN,656,134
yhjO,633,148
yhjQ,249,47
yhjR,72,0
yhjS,414,23
yhjT,3,8
yhjU,412,88
STM3624A,228,0
yhjV,414,7
dppF,273,97
dppD,144,66
dppC,123,83
dppB,176,104
dppA,613,144
STM3631,191,0
STM3632,164,22
STM3633,1104,51
yhjW,1658,113
lpfE,71,16
lpfD,264,10
lpfC,474,5
lpfB,17,0
lpfA,21,2
yhjY,259,2
tag,631,33
yiaC,192,1
bisC,1383,247
yiaD,777,79
yiaE,621,21
yiaF,1667,77
yiaG,213,0
cspA,210169,1511
STM3650,611,3
STM3651,597,7
STM3652,159,4
STM3653,87,6
glyS,5545,1382
glyQ,2347,747
STM3657,33,0
yiaH,105,1
yiaB,14,2
xylB,122,45
xylA,54,35
xylR,428,0
bax,1389,191
malS,151,16
avtA,594,164
ysaA,119,12
yiaJ,77,8
yiaK,14,0
yiaL,9,0
STM3670,34,3
yiaM,8,0
yiaN,22,1
yiaO,2,0
lyxK,24,1
sgbH,4,2
sgbU,8,0
sgbE,44,3
STM3678,59,7
STM3679,89,33
aldB,76,28
STM3681,87,17
selB,517,121
selA,439,143
yibF,241,35
mtlA,316,1240
mtlD,272,469
mtlR,156,325
STM3688,39,0
yibL,622,79
STM3690,8,0
STM3691,505,2
lldP,280,15
lldR,126,4
lldD,91,2
yibK,376,11
STM3696,263,53
STM3697,75,3
STM3698,560,8
cysE,1593,153
gpsA,3336,957
secB,2300,151
grxC,1109,372
yibN,2794,350
pmgI,809,208
yibP,1814,155
yigQ,992,6
yibD,143,11
tdh,1694,325
kbl,1518,198
rfaD,1368,234
rfaF,1093,164
rfaC,1055,75
rfaL,1375,4
rfaK,590,14
rfaZ,1691,25
rfaY,377,43
rfaJ,409,34
rfaI,530,152
rfaB,564,26
yibR,76,10
rfaP,502,59
rfaG,666,126
rfaQ,1032,59
kdtA,2443,509
kdtB,741,99
mutM,667,143
rpmG,3674,568
rpmB,25350,1917
radC,553,44
dfp,1030,110
dut,710,125
ttk,639,8
pyrE,332,27
rph,662,352
yicC,1238,383
STM3736,381,5
STM3737,272,3
yigC,155,3
yicF,182,10
gmk,2632,137
rpoZ,1463,939
spoT,9551,1137
spoU,1932,86
recG,2695,43
STM3745,426,191
gltS,835,357
yicE,336,10
yicH,676,11
yicI,172,33
yicJ,29,6
STM3752,12,0
sugR,461,40
STM3754,80,11
rhuM,594,29
rmbA,3,0
misL,353,10
fidL,115,6
marT,237,6
STM3760,1,0
slsA,52,7
cigR,171,25
mgtB,178,38
mgtC,44,5
yicL,364,3
STM3766,87,3
STM3767,44,0
STM3768,37,5
STM3769,25,2
STM3770,15,3
STM3771,74,0
STM3772,22,2
STM3773,388,224
STM3774,10,0
STM3775,300,9
yicM,1228,27
STM3777,81,0
STM3778,58,0
STM3779,12,0
STM3780,5,0
STM3781,104,18
STM3782,69,0
STM3783,15,0
STM3784,22,2
STM3785,53,13
yicN,270,10
uhpT,56,13
uhpC,118,87
uhpB,178,228
uhpA,53,142
STM3791,212,4
STM3792,148,12
STM3793,40,0
STM3794,175,9
ilvN,34,17
ilvB,278,232
STM3796A,565,2
ysdB,22,0
ivbL,177,2021
ysdA,286,5
emrD,375,159
STM3799,202,58
dsdC,212,0
dsdX,117,4
dsdA,223,29
yidF,88,2
yidG,89,0
yidH,84,28
yidE,207,62
ibpB,590,63
ibpA,1039,144
yidQ,117,3
yidR,371,23
ccmH,32,0
ccmG,0,0
ccmF,0,0
ccmE,0,0
ccmD,0,0
ccmC,0,0
ccmB,0,0
ccmA,0,0
STM3820,12,9
torD,30,3
torA,71,8
torC,28,0
torR,138,74
torT,107,5
torS,476,16
dgoT,94,10
dgoA,42,6
dgoK,69,6
dgoR,64,0
yidA,1271,107
STM3832,15,2
STM3833,196,0
STM3834,615,0
gyrB,5535,2400
recF,1318,309
dnaN,1912,1259
dnaA,3903,642
rpmH,3195,1676
rnpA,2404,729
STM3841,628,62
yidC,8513,759
trmE,913,160
STM3845,920,10
STM3846,730,1
yidY,216,0
yidZ,220,2
yieE,317,6
yieF,422,23
yieG,1014,139
yieH,307,68
phoU,252,13
pstB,224,27
pstA,119,10
pstC,84,10
pstS,216,30
STM3858,353,14
STM3859,14,10
STM3860,195,7
glmS,5243,4980
glmU,1957,688
STM3863,200,13
atpC,2208,2253
atpD,14741,2749
atpG,6638,2336
atpA,14059,2894
atpH,4889,634
atpF,5067,1781
atpE,2149,1007
atpB,3994,606
atpI,1965,94
gidB,670,63
gidA,1180,1102
mioC,3300,101
asnC,386,10
asnA,447,272
yieM,801,41
yieN,1432,60
kup,1139,274
rbsD,112,71
rbsA,146,287
rbsC,105,80
rbsB,321,95
rbsK,391,129
rbsR,266,54
yieO,431,9
yieP,349,26
yifA,2105,1
yifE,449,1167
yifB,381,1
ilvL,60,192
ilvG,278,217
ilvM,7,0
ilvE,140,31
ilvD,329,155
ilvA,390,259
STM3906,70,9
STM3907,75,14
ilvY,270,5
ilvC,1658,514
ppiC,582,25
STM3911,20,0
rep,1068,132
gppA,6353,792
rhlB,6256,412
trxA,4339,306
rho,26415,3315
rfe,1962,84
wzzE,1275,72
wecB,1556,72
wecC,1322,290
rffG,1202,138
rffH,274,19
wecD,526,16
wecE,721,36
wzxE,814,52
STM3927,519,40
wecF,791,34
wecG,379,24
yifK,1091,123
hemY,1377,15
hemX,1456,47
hemD,1141,46
hemC,2730,654
cyaA,7435,875
STM3940,113,0
STM3941,45,1
STM3942,61,0
cyaY,146,27
STM3944,58,0
yifL,268,38
dapF,1196,185
yigA,699,142
xerC,822,119
yigB,512,27
uvrD,2250,496
corA,1026,306
yigF,21,0
yigG,16,0
rarD,551,46
yigI,99,5
pldA,1529,99
recQ,2424,243
rhtC,613,38
rthB,278,25
pldB,626,73
yigL,351,106
yigM,547,5
metR,158,13
metE,254,20
STM3966,145,39
dlhH,126,12
udp,677,49
yigN,488,130
ubiE,1361,134
yigP,764,236
aarF,2104,237
tatA,1308,157
tatB,1643,570
tatC,2189,56
yigW,561,43
rfaH,599,32
yigC,4018,664
ubiB,1295,104
STM3980,34,0
STM3981,258,12
fadA,66,3
fadB,85,6
pepQ,2062,85
yigZ,550,109
trkH,539,86
hemG,329,68
mobB,117,0
mobA,127,16
yihD,138,41
yihE,2349,147
dsbA,1371,240
yihG,899,10
polA,2038,232
spf,295,89
yihA,1654,230
STM4002,315,1267
yihI,801,512
hemN,1386,196
glnG,671,16
glnL,769,6
glnA,6789,101
STM4008,850,0
typA,26590,6246
STM4010,306,1
STM4011,68,0
STM4012,48,0
STM4013,36,0
STM4014,53,0
STM4015,22,0
yshA,3,1
yihO,36,3
yihP,80,3
yihQ,131,6
yihR,240,6
yihS,60,3
yihT,4,0
yihU,7,3
yihV,12,2
yihW,339,29
yihX,360,10
rbn,231,0
yihZ,164,53
yiiD,736,63
STM4030,278,12
STM4031,53,11
STM4032,136,25
STM4033,149,0
fdhE,2331,577
fdoI,1735,142
fdoH,2741,480
fdoG,16355,866
fdhD,503,161
STM4039,202,0
yiiG,30,0
STM4041,211,12
STM4042,830,24
STM4042A,309,33
yiiL,108,0
STM4044,112,5
rhaD,77,2
rhaA,59,0
rhaB,67,8
rhaS,49,0
rhaR,39,5
rhaT,32,4
STM4051,4,3
STM4052,96,4
STM4053,7,0
STM4054,58,0
sodA,10322,150
yiiM,496,17
STM4057,174,34
cpxA,1595,744
cpxR,798,94
cpxP,6533,313
yiiP,384,84
pfkA,285,445
sbp,143,35
ushB,266,16
STM4065,36,2
STM4066,21,2
STM4067,138,11
STM4068,517,15
STM4069,88,0
STM4070,17,0
STM4071,73,3
ydeV,205,39
ydeW,332,71
ego,68,8
ydeY,12,0
ydeZ,20,2
yneA,42,1
yneB,5,10
yneC,11,0
STM4080,314,20
tpiA,2145,480
yiiQ,162,17
yiiR,188,50
fpr,1206,43
glpX,1215,285
glpK,584,358
glpF,420,275
yiiU,913,77
menG,719,483
menA,432,48
hslU,2780,380
hslV,861,185
ftsN,1176,36
cytR,863,25
priA,2100,156
rpmE,7051,350
STM4097,481,8
STM4098,197,9
metJ,238,52
metB,281,152
metL,850,319
STM4102,112,10
STM4103,60,5
STM4104,128,9
metF,195,7
katG,609,69
yijF,72,0
gldA,209,13
talC,51,2
ptsA,175,9
frwC,6,4
frwB,5,0
pflD,522,49
pflC,104,37
frwD,53,1
yijO,153,15
yijP,820,499
ppc,4813,161
argE,1834,29
argC,279,75
argB,239,111
argH,530,153
oxyR,2604,394
udhA,2434,0
yijC,842,138
yijD,238,22
trmA,506,63
btuB,618,213
murI,511,139
murB,193,171
birA,270,82
coaA,358,42
STM4141,13,0
tufB,16341,9533
secE,3310,1774
nusG,4390,1486
rplK,21181,1951
rplA,42084,37911
rplJ,49986,14466
rplL,38622,57099
rpoB,41256,31401
rpoC,43722,57956
STM4155,147,0
STM4156,179,0
STM4157,149,0
STM4158,87,0
thiH,227,66
thiG,86,27
STM4161,8,0
thiF,116,47
thiE,80,38
thiC,1845,59
rsd,1126,5
yjaD,218,24
hemE,1686,145
nfi,616,43
yjaG,1125,146
hupA,12572,762
yjaH,1021,14
zraP,171,4
hydH,186,24
hydG,273,198
purD,474,31
purH,626,36
yjaB,90,13
metA,86,3
aceB,85,15
aceA,83,27
aceK,385,4
STM4186,133,17
iclR,1048,37
metH,925,206
yjbB,522,66
pepE,140,3
STM4191,0,0
STM4192,223,44
yjbC,512,181
yjbD,284,12
STM4195,203,1
STM4196,31,0
STM4197,3,0
STM4198,18,11
STM4199,9,10
STM4200,15,18
STM4201,3,0
STM4202,26,1
STM4203,5,0
STM4204,598,7
STM4205,156,13
STM4206,49,12
STM4207,45,16
STM4208,46,1
STM4209,3,0
STM4210,39,21
STM4211,64,11
STM4212,7,0
STM4213,60,12
STM4214,0,0
STM4215,1,0
STM4216,3,4
STM4217,10,0
STM4218,1,0
STM4219,25,0
lysC,370,39
pgi,3369,342
yjbE,19,11
yjbF,24,6
yjbG,12,5
yjbH,247,29
yjbA,115,9
malG,245,2
malF,101,0
malE,80,2
malK,11,9
lamB,76,6
malM,126,11
ubiC,1242,90
ubiA,1238,69
plsB,4259,369
dgkA,370,16
lexA,2145,1044
dinF,1476,250
STM4239,6,4
yjbJ,217,121
zur,949,90
STM4242,105,10
yjbN,820,107
yjbO,64,1
qor,220,4
dnaB,2278,352
alr,1522,130
tyrB,1707,23
aphA,564,32
yjbQ,202,13
yjbR,87,6
STM4252,33,2
STM4253,81,0
uvrA,2073,771
STM4255,2,2
ssb,3988,731
STM4257,2,2
STM4258,3,3
STM4259,4,0
STM4260,5,2
STM4261,832,257
STM4262,143,8
yjcB,1429,43
yjcC,485,0
soxS,113,7
soxR,101,37
STM4267,214,5
yjcD,818,23
yjcE,483,108
STM4270,303,48
STM4271,34,3
STM4272,57,13
yjcG,136,7
yjcH,4,3
acs,63,1
STM4276,29,0
nrfA,62,0
nrfB,37,9
nrfC,58,0
nrfD,25,7
nrfE,37,6
nrfG,106,4
gltP,7409,573
yjcO,772,34
fdhF,218,23
lpxO,124,0
phnO,98,10
phnB,146,10
phnA,426,279
proP,3340,44
basS,1741,20
basR,650,7
yjdB,1085,7
yjdE,140,30
adiY,115,0
adi,359,0
melR,78,6
melA,48,0
melB,99,5
fumB,222,23
dcuB,76,21
STM4302,2,0
dcuR,98,16
dcuS,255,41
STM4305,40,5
STM4306,14,0
STM4307,33,13
STM4308,50,8
STM4309,70,0
STM4310,20,3
tnpA_6,0,0
STM4312,5,5
STM4313,4,2
STM4314,0,0
STM4315,4,0
STM4316,2,0
STM4317,108,9
STM4318,157,28
phoN,139,3
EthD,11,5
STM4320,148,12
yjdC,503,1
dsbD,808,3
cutA,183,2
dcuA,596,25
aspA,1021,220
fxsA,394,157
yjeH,314,9
mopB,1280,644
mopA,9393,2253
yjeI,463,135
yjeJ,312,10
yjeK,1525,116
efp,4111,952
ecnA,163,0
ecnB,175,13
ecnR,306,4
sugE,1066,64
blc,515,1
frdD,128,4
frdC,62,0
frdB,117,19
frdA,286,73
yjeA,1287,254
yjeM,320,13
yjeO,161,31
yjeP,1699,141
psd,384,60
yjeQ,1462,62
orn,319,140
STM4351,619,14
yjeS,1360,31
yjeF,380,81
yjeE,226,23
amiB,863,143
mutL,1369,128
miaA,3615,1537
hfq,2452,15
hflX,4446,1630
hflK,3744,1121
hflC,3847,1415
yjeT,100,10
purA,4717,6380
yjeB,6457,15
vacB,15772,1688
yjfH,2870,165
yjfI,16,0
yjfJ,29,1
STM4372,50,8
yjfK,19,3
yjfL,16,0
yjfM,75,2
yjfC,45,29
aidB,86,40
yjfN,67,18
yjfO,79,1
yjfP,156,9
yjfQ,162,41
yjfR,74,4
sgaT,33,0
sgaB,3,0
ptxA,1,0
sgaH,12,17
sgaU,37,3
sgaE,56,7
yjfY,49,0
STM4390,21,11
rpsF,29434,9086
priB,14806,554
rpsR,8203,276
rplI,29723,18814
yifZ,276,47
ytfB,743,41
fklB,1137,588
cycA,4615,150
ytfE,799,1
ytfF,512,15
ytfG,50,3
ytfH,77,11
cpdB,307,26
cysQ,641,36
ytfJ,114,9
ytfK,277,42
ytfL,1879,159
msrA,297,38
ytfM,515,175
ytfN,1567,362
ytfP,458,18
STM4412,316,1
STM4413,25,0
ppa,5071,847
fbp,806,134
mpl,994,203
STM4417,652,45
STM4418,258,8
STM4419,144,6
STM4420,121,23
STM4421,101,20
STM4422,3,0
STM4423,11,0
STM4424,1,2
STM4425,73,4
srfJ,34,12
STM4427,41,15
STM4428,59,6
STM4429,0,0
STM4430,25,6
STM4431,21,2
STM4432,0,0
STM4433,10,0
STM4434,22,8
STM4435,15,4
STM4436,172,35
yjgA,1469,524
pmbA,1517,175
cybC,651,69
STM4440,19,0
STM4441,4,0
STM4442,3,0
STM4443,20,3
STM4444,15,5
STM4445,29,0
STM4446,21,11
STM4447,36,19
STM4448,282,27
STM4449,55,11
STM4450,38,20
nrdG,119,0
nrdD,170,35
treC,84,11
treR,284,2
mgtA,921,88
STM4457,569,2
yjgF,998,128
pyrI,92,8
pyrB,97,9
pyrL,0,3
yjgG,0,0
STM4463,6,0
STM4464,138,15
STM4465,7,0
STM4466,74,0
STM4467,9,0
yjgK,10,14
argI,51,16
yjgD,374,231
miaE,532,41
ytgA,244,0
yjgM,299,8
yjgN,247,2
valS,3473,2745
holC,215,96
pepA,1398,199
STM4478,289,121
yjgP,1927,375
yjgQ,1524,279
idnR,230,2
idnT,56,2
idnO,16,0
idnD,15,2
idnK,29,3
yjgB,175,8
STM4488,82,0
STM4489,306,43
STM4490,240,39
STM4491,1116,46
STM4492,1845,94
STM4493,320,44
STM4494,981,32
STM4495,1122,185
STM4496,1696,246
STM4497,220,19
STM4498,337,74
yeeN,1021,53
yjhP,202,18
STM4501,22,0
STM4502,13,0
STM4503,48,13
STM4504,8,2
STM4505,36,0
STM4506,98,0
uxuR,1287,191
trpS2,235,0
STM4509,32,0
STM4510,48,3
yjiE,210,11
iadA,193,16
yjiG,41,0
yjiH,44,10
yjiJ,645,0
yjiN,128,0
yjiO,157,40
STM4518,66,3
STM4519,59,11
STM4520,1,7
yjiS,1,0
STM4522,42,0
yjiW,40,16
hsdS,302,3
hsdM,352,137
hsdR,445,34
mrr,224,40
STM4528,117,11
STM4529,104,0
yjiA,360,114
yjiX,55,15
yjiY,107,841
tsr,2251,3745
STM4534,269,55
STM4535,4,1
STM4536,1,0
STM4537,3,8
STM4538,22,0
STM4539,17,3
STM4540,181,11
mdoB,946,51
yjjA,470,8
dnaC,898,32
dnaT,562,16
STM4545,57,0
yjjP,90,6
yjjQ,11,0
bglJ,183,0
STM4549,480,21
fhuF,1860,212
STM4551,452,24
STM4552,533,22
rsmC,1098,227
holD,357,149
rimI,321,126
yjjG,691,302
prfC,2209,741
osmY,247,37
STM4562,30,22
yjjU,210,8
yjjV,122,18
yjjW,48,8
yjjI,66,8
deoC,302,98
deoA,466,84
deoB,2615,1403
deoD,1548,530
STM4571,206,1
stjB,267,4
stjC,39,2
STM4574,152,3
STM4575,89,0
lplA,269,43
smp,120,19
serB,703,122
radA,1070,178
nadR,765,88
yjjK,4030,1194
slt,679,169
trpR,296,7
yjjX,238,3
gpmB,507,87
rob,961,58
creA,99,63
creB,217,74
creC,326,57
creD,152,35
sthE,143,2
sthD,29,0
sthB,120,9
sthA,13,5
STM4595,23,0
STM4596,117,21
STM4597,517,8
arcA,3679,513
yjjY,1260,0
lasT,170,6
